Subject_ID,Full_Trial_Accuracy,Windowed_Accuracy
S1,0.75,0.5871794871794872
S2,1.0,0.823076923076923
S3,0.9,0.7794871794871795
S4,0.95,0.7166666666666666
S5,0.95,0.7993589743589744
S6,0.85,0.6625
S7,0.85,0.691025641025641
S8,0.75,0.6294871794871795
S9,0.75,0.6631410256410256
S10,0.9,0.717948717948718
S11,0.9,0.6384615384615385
S12,0.75,0.6157051282051282
S13,0.75,0.6849358974358974
S14,1.0,0.8192307692307693
S15,0.9,0.7746794871794871
S16,1.0,0.7875
