Subject_ID,Full_Trial_Accuracy,Windowed_Accuracy
S1,0.9,0.7022659356070232
S2,1.0,0.8857293153869193
S3,1.0,0.941374430551517
S4,1.0,0.8634315269034664
S5,1.0,0.9108316261885612
S6,0.95,0.8291095973845319
S7,1.0,0.8372377458877895
S8,0.8,0.6581601105321664
S9,0.95,0.7401334530954333
S10,1.0,0.8395100832877077
S11,1.0,0.6980703708215341
S12,0.9,0.7592549251781586
S13,0.95,0.7879127950282355
S14,1.0,0.9433331270351479
S15,1.0,0.8875397489667627
S16,1.0,0.8502112460672363
