Subject_ID,Full_Trial_Accuracy,Windowed_Accuracy
S1,0.85,0.6551282051282051
S2,0.95,0.794551282051282
S3,1.0,0.7823717948717949
S4,1.0,0.753525641025641
S5,1.0,0.9137820512820513
S6,0.95,0.8259615384615385
S7,0.95,0.7407051282051282
S8,0.6,0.6509615384615385
S9,0.85,0.7740384615384615
S10,0.9,0.7365384615384615
S11,1.0,0.7586538461538461
S12,0.7,0.6346153846153847
S13,0.95,0.7756410256410255
S14,1.0,0.8974358974358975
S15,1.0,0.9012820512820513
S16,0.95,0.7660256410256411
